identifier,title,type,journal,link,author,publisher,volume,pages,year
_xddid: 6196476867467f7269e04e0a; doi: 10.1016/j.ijdrr.2021.102365,"The next big earthquake may inflict a multi-hazard crisis – Insights from COVID-19, extreme weather and resilience in peripheral cities of Israel",article,International Journal of Disaster Risk Reduction,publisher: https://www.sciencedirect.com/science/article/pii/S2212420921003319,"Ganz, N.; Limon, Y.; Langer, S.",Elsevier,61,102365,2021
_xddid: 61705ded67467f7269dc2f2f; doi: 10.1007/s42438-020-00128-1,China’s Internationalized Higher Education During Covid-19: Collective Student Autoethnography,article,Postdigital Science and Education,publisher: https://link.springer.com/10.1007/s42438-020-00128-1,"Peters, Michael A.; Wang, Hejia; Ogunniran, Moses Oladele; Huang, Yingying; Green, Benjamin; Chunga, Jasmin Omary; Quainoo, Eric Atta; Ren, Zhihong; Hollings, Stephanie; Mou, Chunxiao; Khomera, Sphiwe Wezzie; Zhang, Man; Zhou, Shuchen; Laimeche, Amina; Zheng, Wener; Xu, Rulin; Jackson, Liz; Hayes, Sarah",Springer,2,968--988,2020
_xddid: 5fc9097478f934caa3e485c4; doi: 10.1016/j.jpeds.2020.11.061,Integrating Public Health Ethics into Shared Decision-Making for Children during the COVID-19 pandemic,article,The Journal of Pediatrics,publisher: https://www.sciencedirect.com/science/article/pii/S0022347620314736?v=s5,,Elsevier,,,2020
_xddid: 617106ab67467f7269dea439; doi: 10.1186/s40779-020-00240-0,"The origin, transmission and clinical therapies on coronavirus disease 2019 (COVID-19) outbreak – an update on the status",article,Military Medical Research,publisher: https://mmrjournal.biomedcentral.com/articles/10.1186/s40779-020-00240-0,"Guo, Yan-Rong; Cao, Qing-Dong; Hong, Zhong-Si; Tan, Yuan-Yang; Chen, Shou-Deng; Jin, Hong-Jun; Tan, Kai-Sen; Wang, De-Yun; Yan, Yan",Springer,7,,2020
_xddid: 60c50b4f3f2ac7e7017c7c22; doi: 10.1016/j.ajic.2021.01.002,The impact of statewide school closures on COVID-19 infection rates,article,American Journal of Infection Control,publisher: https://www.sciencedirect.com/science/article/pii/S0196655321000018?v=s5,"Castillo, Renan C.; Weston-Farber, Elias",Elsevier,,,2021
_xddid: 5f036215a58f1dfd520fab90; doi: 10.1002/lary.28957,Evolution of olfactory disorders in COVID ‐19 patients,article,The Laryngoscope,publisher: https://onlinelibrary.wiley.com/doi/abs/10.1002/lary.28957,"Gorzkowski, Victor; Bevilacqua, Sibylle; Charmillon, Alexandre; Jankowski, Roger; Gallet, Patrice; Rumeau, Cécile; Nguyen, Duc Trung",Wiley,,,
_xddid: 5ec2bf70998e17af826f1047; doi: 10.1111/tid.13327,Management of Transplant Patients outside Hospital during COVID‐19 Epidemic: a Chinese Experience,article,Transplant Infectious Disease,publisher: https://onlinelibrary.wiley.com/doi/abs/10.1111/tid.13327,"Zhao, Yuanyuan; Wei, Lai; Liu, Bin; Du, Dunfeng",Wiley,,,
_xddid: 5ce6c0200b45c76caf8b919f; doi: 10.1111/irv.12535,"Human bocavirus and human metapneumovirus in hospitalized children with lower respiratory tract illness in Changsha, China",article,Influenza and Other Respiratory Viruses,publisher: http://doi.wiley.com/10.1111/irv.12535,"Zhou, Jie-ying; Peng, Ying; Peng, Xiao-you; Gao, Han-chun; Sun, Ya-ping; Xie, Le-yun; Zhong, Li-li; Duan, Zhao-jun; Xie, Zhi-ping; Cao, You-de",Wiley,12,279--286,2018
_xddid: 5f2d83fea58f1dfd5210af28; doi: 10.1111/jgh.15199,"Clinical characteristics and outcomes of COVID‐19 patients presenting with initial gastrointestinal symptoms in Wuhan, China: a retrospective cohort study",article,Journal of Gastroenterology and Hepatology,publisher: https://onlinelibrary.wiley.com/doi/abs/10.1111/jgh.15199,"Luo, Shihua; Deng, Zhiqing; Zhang, Xiaochun; Pan, Zhenyu; Xu, Haibo",Wiley,,,
_xddid: 6234f9fa2688b7113587ecbe; doi: 10.1016/j.annepidem.2021.07.010,"A disproportionate epidemic: COVID-19 cases and deaths among essential workers in Toronto, Canada",article,Annals of Epidemiology,publisher: https://www.sciencedirect.com/science/article/pii/S1047279721002180,"Ma, Huiting; Moloney, Gary; Kwong, Jeffrey C.; Jüni, Peter; Sander, Beate; Kustra, Rafal; Baral, Stefan D.; Mishra, Sharmistha",Elsevier,63,63--67,2021
_xddid: 5f8515f9a58f1dfd521d43bd; doi: 10.1080/15476286.2020.1790198,The emerging role and significance of circular RNAs in viral infections and antiviral immune responses: possible implication as theranostic agents,article,RNA Biology,publisher: https://www.tandfonline.com/doi/full/10.1080/15476286.2020.1790198,"Awan, Faryal Mehwish; Yang, Burton B.; Naz, Anam; Hanif, Aneeqa; Ikram, Aqsa; Obaid, Ayesha; Malik, Arif; Janjua, Hussnain Ahmed; Ali, Amjad; Sharif, Sumaira",Taylor and Francis,,,
_xddid: 600d4539ea8bd3722686848c; doi: 10.1007/s11250-009-9347-2,Frequency of BCoV detection by a semi-nested PCR assay in faeces of calves from Brazilian cattle herds,article,Tropical Animal Health and Production,publisher: http://link.springer.com/10.1007/s11250-009-9347-2,"Stipp, Danilo T.; Barry, Aline F.; Alfieri, Alice F.; Takiuchi, Elisabete; Amude, Alexandre M.; Alfieri, Amauri A.",CORD19,41,1563--1567,2009
_xddid: 5fb2dc05d76fca4a3fb85ae1; doi: 10.1016/S1473-3099(20)30789-1,Beyond COVID-19—a paradigm shift in infection management?,article,The Lancet Infectious Diseases,publisher: https://www.sciencedirect.com/science/article/pii/S1473309920307891,,Elsevier,,,2020
_xddid: 61709ae967467f7269dd33d4; doi: 10.1186/s12874-020-01101-z,Statistical design of Phase II/III clinical trials for testing therapeutic interventions in COVID-19 patients,article,BMC Medical Research Methodology,publisher: https://bmcmedresmethodol.biomedcentral.com/articles/10.1186/s12874-020-01101-z,"Rai, Shesh N.; Qian, Chen; Pan, Jianmin; Seth, Anand; Srivastava, Deo Kumar; Bhatnagar, Aruni",Springer,20,,2020
_xddid: 616b09dd67467f7269c538cd; doi: 10.1186/s12879-020-05374-z,Evaluation of bacterial co-infections of the respiratory tract in COVID-19 patients admitted to ICU,article,BMC Infectious Diseases,publisher: https://bmcinfectdis.biomedcentral.com/articles/10.1186/s12879-020-05374-z,"Sharifipour, Ehsan; Shams, Saeed; Esmkhani, Mohammad; Khodadadi, Javad; Fotouhi-Ardakani, Reza; Koohpaei, Alireza; Doosti, Zahra; EJ Golzari, Samad",Springer,20,,2020
_xddid: 5e7dcee8998e17af8269b035; doi: 10.1016/j.prevetmed.2014.07.016,Risk factors of weaning diarrhea in puppies housed in breeding kennels,article,Preventive Veterinary Medicine,publisher: https://www.sciencedirect.com/science/article/pii/S0167587714002517,"Chastant-Maillard, Sylvie; Robin, Coralie; Feugier, Alexandre; Boogaerts, Cassandre; Boucraut-Baralon, Corine; Grandjean, Dominique; Polack, Bruno",Elsevier,117,260--265,2014
_xddid: 60c0ce2a3f2ac7e70172d47d; doi: 10.1016/j.ijpe.2021.108193,Challenges to COVID-19 vaccine supply chain: Implications for sustainable development goals,article,International Journal of Production Economics,publisher: https://www.sciencedirect.com/science/article/pii/S0925527321001699,,Elsevier,239,108193,2021
_xddid: 604fd22e3f2ac7e7012188fa; doi: 10.1016/j.ajic.2021.02.011,"SARS-CoV-2 outbreak in medical employees in a large urologic department: Spread, containment and outcome",article,American Journal of Infection Control,publisher: https://www.sciencedirect.com/science/article/pii/S0196655321000882,,Elsevier,,,2021
_xddid: 5c5ae8981faed6554894f3ba; doi: 10.1016/S0140-6736(04)17032-3,China must prioritise health opportunities for all,article,The Lancet,publisher: https://www.sciencedirect.com/science/article/pii/S0140673604170323,"The Lancet,",Elsevier,364,909--910,2004
_xddid: 5a7cf2a0cf58f16b0d1d153a; doi: 10.1016/j.healthpol.2009.11.009,Who is that masked person: The use of face masks on Mexico City public transportation during the Influenza A (H1N1) outbreak,article,Health Policy,publisher: http://www.sciencedirect.com/science/article/pii/S0168851009002942,"Condon, Bradly John; Sinha, Tapen",Elsevier,95,50--56,2010
_xddid: 5fade1f6853f77755811cff2; doi: 10.1016/j.healthpol.2020.10.017,"COVID-19: 
                  
                     R
                     0
                  
                is lower where outbreak is larger",article,Health Policy,publisher: https://www.sciencedirect.com/science/article/pii/S0168851020302724?v=s5,,Elsevier,,,2020
_xddid: 5cb650e30b45c76caf83e8d9; doi: 10.1016/j.socscimed.2012.05.040,How complexity science can inform scale-up and spread in health care: Understanding the role of self-organization in variation across local contexts,article,Social Science & Medicine,publisher: http://www.sciencedirect.com/science/article/pii/S0277953612004911,"Lanham, Holly Jordan; Leykum, Luci K.; Taylor, Barbara S.; McCannon, C. Joseph; Lindberg, Curt; Lester, Richard T.",Elsevier,93,194--202,2013
_xddid: 5feb9b65ea8bd37226f6e4ef; doi: 10.1016/j.jebo.2020.12.016,"Covid-19 contagion, economic activity and business reopening protocols",article,Journal of Economic Behavior & Organization,publisher: https://www.sciencedirect.com/science/article/pii/S0167268120304753?v=s5,,Elsevier,,,2020
_xddid: 5e81a73e998e17af8269df59; doi: 10.1016/j.atc.2004.06.002,Severe acute respiratory syndrome and tuberculosis,article,Anesthesiology Clinics of North America,publisher: https://www.sciencedirect.com/science/article/pii/S0889853704000653,"Stackhouse, Robin A.",Elsevier,22,437--455,2004
_xddid: 60a7ebd73f2ac7e701375ce3; doi: 10.1016/j.eclinm.2021.100863,"Analysis of the potential impact of durability, timing, and transmission blocking of COVID-19 vaccine on morbidity and mortality",article,EClinicalMedicine,publisher: https://www.sciencedirect.com/science/article/pii/S2589537021001437,,Elsevier,35,100863,2021
_xddid: 5cded3ee0b45c76caf8a206d; doi: 10.1016/j.jflm.2015.11.008,Postmortem diagnosis of cytomegalovirus and accompanying other infection agents by real-time PCR in cases of sudden unexpected death in infancy (SUDI),article,Journal of Forensic and Legal Medicine,publisher: http://www.sciencedirect.com/science/article/pii/S1752928X15002140,"Yagmur, Gulhan; Ziyade, Nihan; Elgormus, Neval; Das, Taner; Sahin, M. Feyzi; Yildirim, Muzaffer; Ozgun, Ayse; Akcay, Arzu; Karayel, Ferah; Koc, Sermet",Elsevier,38,18--23,2016
_xddid: 5b51f916cf58f1a50a453952; doi: 10.1002/jmv.21108,Two-year prospective study of single infections and co-infections by respiratory syncytial virus and viruses identified recently in infants with acute respiratory disease,article,Journal of Medical Virology,publisher: http://doi.wiley.com/10.1002/jmv.21108,"Canducci, Filippo; Debiaggi, Maurizia; Sampaolo, Michela; Marinozzi, Maria Chiara; Berrè, Stefano; Terulla, Cristina; Gargantini, Gianluigi; Cambieri, Patrizia; Romero, Egidio; Clementi, Massimo",Wiley,80,716--723,2008
_xddid: 5bea6fb6cf58f184e4d8e9ee; doi: 10.1111/j.1492-7535.2004.0085s.x,Short Daily Hemodialysis vs. Short Daily Hemofiltration (Search for Optimal Prescription),article,Hemodialysis International,publisher: http://doi.wiley.com/10.1111/j.1492-7535.2004.0085s.x,"Galland, R.; Traeger, J.; Béné, B.; Delawari, E.",Wiley,8,85--86,2004
_xddid: 5f617b19a58f1dfd52154dc7; doi: 10.1111/apa.15285,Global surge in measles and major international survey reinforce the need for greater awareness and uptake of all vaccinations,article,Acta Paediatrica,publisher: https://onlinelibrary.wiley.com/doi/abs/10.1111/apa.15285,"Whibley, Annette",Wiley,,,
_xddid: 600e0314ea8bd37226898ec1; doi: 10.1007/s13149-010-0065-9,"Huitième congrès international de la Société de pathologie exotique, Vientiane, Laos, 25–28 janvier 2010: les défis sanitaires de l’Asie du Sud-Est",article,Bulletin de la Société de pathologie exotique,publisher: http://link.springer.com/10.1007/s13149-010-0065-9,,CORD19,103,155--215,2010
_xddid: 616bb4f567467f7269c7e8f2; doi: 10.1007/s10151-020-02293-8,Laparoscopic surgery reduces the incidence of surgical site infections compared to the open approach for colorectal procedures: a meta-analysis,article,Techniques in Coloproctology,publisher: https://link.springer.com/10.1007/s10151-020-02293-8,"Kulkarni, N.; Arulampalam, T.",Springer,24,1017--1024,2020
_xddid: 5e7f3c78998e17af8269c368; doi: 10.1016/j.jcpa.2014.01.004,The Pathology and Pathogenesis of Experimental Severe Acute Respiratory Syndrome and Influenza in Animal Models,article,Journal of Comparative Pathology,publisher: https://www.sciencedirect.com/science/article/pii/S002199751400005X,"Haagmans, B.L.; van Riel, D.; Osterhaus, A.D.M.E.; Kuiken, T.",Elsevier,151,83--112,2014
_xddid: 5a31950bcf58f111efa157a0; doi: 10.1111/j.1863-2378.2011.01439.x,Anticipating the Species Jump: Surveillance for Emerging Viral Threats,article,Zoonoses and Public Health,publisher: http://doi.wiley.com/10.1111/j.1863-2378.2011.01439.x,"Flanagan, M. L.; Parrish, C. R.; Cobey, S.; Glass, G. E.; Bush, R. M.; Leighton, T. J.",Wiley,59,155--163,2012
_xddid: 5eea451d98406a60e3e358dc; doi: 10.1080/15265161.2020.1764138,Ethical Challenges Arising in the COVID-19 Pandemic: An Overview from the Association of Bioethics Program Directors (ABPD) Task Force,article,The American Journal of Bioethics,publisher: https://www.tandfonline.com/doi/full/10.1080/15265161.2020.1764138,"McGuire, Amy L.; Aulisio, Mark P.; Davis, F. Daniel; Erwin, Cheryl; Harter, Thomas D.; Jagsi, Reshma; Klitzman, Robert; Macauley, Robert; Racine, Eric; Wolf, Susan M.; Wynia, Matthew; Wolpe, Paul Root",Taylor and Francis,,1--13,
_xddid: 605f20b63f2ac7e7015a6fb9; doi: 10.1002/jmv.26038,Clinical Outcomes in COVID‐19 Patients Treated with Tocilizumab: An Individual Patient Data Systematic Review,article,Journal of Medical Virology,publisher: https://onlinelibrary.wiley.com/doi/abs/10.1002/jmv.26038,"Antwi‐Amoabeng, Daniel; Kanji, Zahara; Ford, Brent; Beutler, Bryce D.; Riddle, Mark S.; Siddiqui, Faisal",Wiley,,,
_xddid: 5fc5101bd76fca4a3f0d414c; doi: 10.1080/17441692.2020.1850830,Assessing the effect of socio-economic features of low-income communities and COVID-19 related cases: An empirical study of New York City,article,Global Public Health,publisher: https://www.tandfonline.com/doi/full/10.1080/17441692.2020.1850830,"Truong, Ngoc; Asare, Andy Ohemeng",Taylor and Francis,,1--16,
_xddid: 60a7db733f2ac7e701371276; doi: 10.1016/j.carres.2021.108326,Marine sulfated polysaccharides as potential antiviral drug candidates to treat Corona Virus disease (COVID-19),article,Carbohydrate Research,publisher: https://www.sciencedirect.com/science/article/pii/S0008621521000951,,Elsevier,505,108326,2021
_xddid: 5fb2def5d76fca4a3fb87f87; doi: 10.1016/j.coesh.2020.09.001,Coronavirus and other airborne agents with pandemic potential,article,Current Opinion in Environmental Science & Health,publisher: https://www.sciencedirect.com/science/article/pii/S2468584420300581,,Elsevier,17,41--48,2020
_xddid: 5a31e94bcf58f1311008c7a9; doi: 10.1016/S1473-3099(07)70310-9,Infection control in paediatrics,article,The Lancet Infectious Diseases,publisher: https://www.sciencedirect.com/science/article/pii/S1473309907703109,"Posfay-Barbe, Klara M; Zerr, Danielle M; Pittet, Didier",Elsevier,8,19--31,2008
_xddid: 605f06f03f2ac7e7015a24ba; doi: 10.1002/med.21728,"COVID‐19 drug repurposing: A review of computational screening methods, clinical trials, and protein interaction assays",article,Medicinal Research Reviews,publisher: https://onlinelibrary.wiley.com/doi/abs/10.1002/med.21728,"Wang, Xueqing; Guan, Yuanfang",Wiley,,,
_xddid: 600d78c9ea8bd37226875494; doi: 10.1007/s11425-011-4224-7,A nonparametric estimation of the infection curve,article,Science China Mathematics,publisher: http://link.springer.com/10.1007/s11425-011-4224-7,"Lin, HuaZhen; Yip, Paul S. F.; Huggins, Richard M.",CORD19,54,,2011
_xddid: 607570743f2ac7e7019e8542; doi: 10.1002/ddr.21794,Targeting cyclooxygenase enzyme for the adjuvant COVID ‐19 therapy,article,Drug Development Research,publisher: https://onlinelibrary.wiley.com/doi/10.1002/ddr.21794,"Prasher, Parteek; Sharma, Mousmee; Gunupuru, Ravi",Wiley,,,
_xddid: 5f047ff5a58f1dfd520fb746; doi: 10.1080/01490400.2020.1773996,Thinking through the Disruptive Effects and Affects of the Coronavirus with Feminist New Materialism,article,Leisure Sciences,publisher: https://www.tandfonline.com/doi/full/10.1080/01490400.2020.1773996,"Fullagar, Simone; Pavlidis, Adele",Taylor and Francis,,1--8,
_xddid: 616d89b267467f7269cf45c7; doi: 10.1007/s13246-020-00899-8,"Technique, radiation safety and image quality for chest X-ray imaging through glass and in mobile settings during the COVID-19 pandemic",article,Physical and Engineering Sciences in Medicine,publisher: https://link.springer.com/10.1007/s13246-020-00899-8,"Brady, Zoe; Scoullar, Heather; Grinsted, Ben; Ewert, Kyle; Kavnoudias, Helen; Jarema, Alexander; Crocker, James; Wills, Rob; Houston, Gillian; Law, Meng; Varma, Dinesh",Springer,43,765--779,2020
_xddid: 5f9acdd5853f777558bad887; doi: 10.1016/j.virusres.2020.198203,Is it time for microbiome-based therapies in viral infections?,article,Virus Research,publisher: https://www.sciencedirect.com/science/article/pii/S0168170220311102,,Elsevier,291,198203,2021
_xddid: 5eadb55e998e17af826ccea5; doi: 10.1016/j.ijmm.2004.08.001,"56. Jahrestagung der DGHM (26.-29. September 2004, in Münster) in Zusammenarbeit mit der Deutschen Veterinärmedizinischen Gesellschaft (DVG), Fachgruppe Bakteriologie und Mykologie",article,International Journal of Medical Microbiology,publisher: https://www.sciencedirect.com/science/article/pii/S143842210400092X,,Elsevier,294,1--243,2004
_xddid: 5e981825998e17af826ad89c; doi: 10.1016/j.jinf.2020.02.020,Novel coronavirus disease (Covid-19): The first two patients in the UK with person to person transmission,article,Journal of Infection,publisher: https://www.sciencedirect.com/science/article/pii/S016344532030102X,"Samson, Anda; Li, Ang; Adams, Kate; Capstick, Richard; Barlow, Gavin D.; Easom, Nicholas; Hamilton, Eve; Moss, Peter J.; Evans, Adam; Ivan, Monica; PHE Incident Team,; Taha, Yusri; Duncan, Christopher J.A.; Schmid, Matthias L.; the Airborne HCID Network,",Elsevier,80,578--606,2020
_xddid: 60114c79ea8bd3722697295a; doi: 10.7326/L20-0768,Update Alert: Epidemiology of and Risk Factors for Coronavirus Infection in Health Care Workers,article,Annals of Internal Medicine,publisher: https://www.acpjournals.org/doi/10.7326/L20-0768,"Chou, Roger; Dana, Tracy; Buckley, David I.; Selph, Shelley; Fu, Rongwei; Totten, Annette M.",CORD19,173,W46--W47,2020
_xddid: 5d7638220b45c76cafa7a945; doi: 10.1111/j.1423-0410.2005.00655.x,WEDNESDAY PLENARY SESSION 4 WEDNESDAY PARALLEL SESSIONS,article,Vox Sanguinis,publisher: http://doi.wiley.com/10.1111/j.1423-0410.2005.00655.x,,Wiley,89,200--209,2005
_xddid: 606738943f2ac7e701735887; doi: 10.1111/voxs.12616,Use of convalescent plasma for managing severe COVID‐19 infection in 2‐month‐old infant,article,ISBT Science Series,publisher: https://onlinelibrary.wiley.com/doi/10.1111/voxs.12616,"Shukla, Umesh; Bhakhri, Bhanu; Arora, Satyam; Jain, Mukul; Jain, Vikas; Dua, Seema; Singh, Dharmendra Kumar; Gupta, Devendra Kumar",Wiley,16,102--105,2021
_xddid: 5e7e2371998e17af8269b54a; doi: 10.1016/j.jpeds.2008.08.036,Respiratory Pathogens in Children with and without Respiratory Symptoms,article,The Journal of Pediatrics,publisher: https://www.sciencedirect.com/science/article/pii/S0022347608007191,"van Ewijk, Bart E.; Wilbrink, Berry; Uiterwaal, Cuno S.P.M.; Wolfs, Tom F.W.; van der Ent, Cornelis K.",Elsevier,154,396--400.e1,2009
_xddid: 60a7ddca3f2ac7e701371ad3; doi: 10.1016/j.jmaa.2021.125202,Correcting notification delay and forecasting of COVID-19 data,article,Journal of Mathematical Analysis and Applications,publisher: https://www.sciencedirect.com/science/article/pii/S0022247X2100281X,,Elsevier,,125202,2021
_xddid: 5f6be41ca58f1dfd521654d4; doi: 10.1080/0960085X.2020.1802358,Information Technology and the pandemic: a preliminary multinational analysis of the impact of mobile tracking technology on the COVID-19 contagion control,article,European Journal of Information Systems,publisher: https://www.tandfonline.com/doi/full/10.1080/0960085X.2020.1802358,"Urbaczewski, Andrew; Lee, Young Jin",Taylor and Francis,,1--10,
_xddid: 605d403b3f2ac7e70154dd46; doi: 10.1002/jmv.26770,Performance and feasibility of universal PCR admission screening for SARS‐CoV‐2 in a German tertiary care hospital,article,Journal of Medical Virology,publisher: https://onlinelibrary.wiley.com/doi/10.1002/jmv.26770,"Krüger, Sören; Leskien, Miriam; Schuller, Patricia; Prifert, Christiane; Weißbrich, Benedikt; Vogel, Ulrich; Krone, Manuel",Wiley,,,
_xddid: 604fd9043f2ac7e70121c142; doi: 10.1016/j.transci.2021.103118,Seroprevalence of SARS-Coronavirus 2 among asymptomatic healthy blood donors from healthcare and non-healthcare settings: Implications for safety of blood donors and blood collection staff during blood donation,article,Transfusion and Apheresis Science,publisher: https://www.sciencedirect.com/science/article/pii/S1473050221000835?v=s5,,Elsevier,,103118,2021
_xddid: 600b9d00ea8bd372267fcbc5; doi: 10.1007/BF03184166,Rationality of 17 cities’ public perception of SARS and predictive model of psychological behavior,article,Chinese Science Bulletin,publisher: http://link.springer.com/10.1007/BF03184166,"Shi, Kan; Lu, Jiafang; Fan, Hongxia; Jia, Jianming; Song, Zhaoli; Li, Wendong; Gao, Jing; Chen, Xuefeng; Hu, Weipeng",CORD19,48,1297--1303,2003
_xddid: 5f03332ca58f1dfd520fa7a8; doi: 10.1016/S2055-6640(20)30018-2,Minimum costs to manufacture new treatments for COVID-19,article,Journal of Virus Eradication,publisher: https://www.sciencedirect.com/science/article/pii/S2055664020300182,,Elsevier,6,61--69,2020
_xddid: 607f27853f2ac7e701c26bb9; doi: 10.1111/bioe.12834,Eating meat and not vaccinating: In defense of the analogy,article,Bioethics,publisher: https://onlinelibrary.wiley.com/doi/10.1111/bioe.12834,"Jones, Ben",Wiley,,,
_xddid: 5e8347c9998e17af8269f242; doi: 10.1016/B978-0-323-01317-8.50009-2,Gastrointestinal Tract,article,Diagnostic Cytology and Hematology of the Horse,publisher: https://www.sciencedirect.com/science/article/pii/B9780323013178500092,"DeHeer, Heather L.",Elsevier,,87--98,2002
_xddid: 605e4b703f2ac7e70157f4a1; doi: 10.1111/ajr.12672,Remote health service vulnerabilities and responses to the COVID‐19 pandemic,article,Australian Journal of Rural Health,publisher: https://onlinelibrary.wiley.com/doi/10.1111/ajr.12672,"Fitts, Michelle S.; Russell, Deborah; Mathew, Supriya; Liddle, Zania; Mulholland, Edward; Comerford, Clarissa; Wakerman, John",Wiley,,,
_xddid: 5f38483ca58f1dfd5211933f; doi: 10.1016/j.virusres.2018.03.008,"Epidemiology and phylogeny of spike gene of porcine epidemic diarrhea virus from Yunnan, China",article,Virus Research,publisher: https://www.sciencedirect.com/science/article/pii/S0168170218300467,"Zhao, Ru; Liu, Jia; Zhao, Qian; Zhu, Lingyun; Zhang, Bensi; Bi, Junlong; Yang, Guishu; Liu, Jianping; Yin, Gefen",Elsevier,249,45--51,2018
_xddid: 5e7d3b5b998e17af8269a661; doi: 10.1016/j.siny.2017.03.002,Pneumonia,article,Seminars in Fetal and Neonatal Medicine,publisher: https://www.sciencedirect.com/science/article/pii/S1744165X17300379,"Polin, Richard A.",Elsevier,22,206--213,2017
_xddid: 609532e53f2ac7e70106a122; doi: 10.1111/irv.12782,"Adenovirus infection in children hospitalized with pneumonia in Guangzhou, China",article,Influenza and Other Respiratory Viruses,publisher: https://onlinelibrary.wiley.com/doi/abs/10.1111/irv.12782,"Zou, Lirong; Yi, Lina; Yu, Jianxiang; Song, Yinchao; Liang, Lijun; Guo, Qianfang; Zhuang, Xue; Zhang, Yunqiang; Kang, Min; Wu, Jie",Wiley,,,
_xddid: 5f6bc816a58f1dfd521651c7; doi: 10.1016/j.inat.2020.100895,Modification of Neurosurgical Practice during Corona Pandemic: Our Experience at AIIMS Patna And Long Term Guidelines,article,Interdisciplinary Neurosurgery,publisher: https://www.sciencedirect.com/science/article/pii/S2214751920304564?v=s5,,Elsevier,,100895,2020
_xddid: 60a7ddce3f2ac7e701371e95; doi: 10.1016/j.hrtlng.2021.04.005,"The Incidence, Clinical Characteristics, and Outcomes of Pneumothorax in Hospitalized COVID-19 Patients: A Systematic Review",article,Heart & Lung,publisher: https://www.sciencedirect.com/science/article/pii/S0147956321001655?v=s5,,Elsevier,,,2021
_xddid: 62560df62688b711354a8b3c; doi: 10.1007/s00265-011-1230-2,Effect of gyrodactylid ectoparasites on host behaviour and social network structure in guppies Poecilia reticulata,article,Behavioral Ecology and Sociobiology,publisher: http://link.springer.com/10.1007/s00265-011-1230-2,"Croft, Darren P.; Edenbrow, Mathew; Darden, Safi K.; Ramnarine, Indar W.; van Oosterhout, Cock; Cable, Joanne",Springer,65,2219--2227,2011
_xddid: 5f9acfd1853f777558bae763; doi: 10.1016/j.pt.2020.09.008,Fasciola Species Introgression: Just a Fluke or Something More?,article,Trends in Parasitology,publisher: https://www.sciencedirect.com/science/article/pii/S1471492220302506,,Elsevier,,,2020
_xddid: 5a597d55cf58f1a2d7f5ab78; doi: 10.1080/00981380801970814,The Ethics of Care: Social Workers in an Influenza Pandemic,article,Social Work in Health Care,publisher: http://www.tandfonline.com/doi/abs/10.1080/00981380801970814,"Rosoff, Philip M.",Taylor and Francis,47,49--59,2008
_xddid: 5fadfb7e853f777558122f7a; doi: 10.1080/15275922.2020.1836082,"COVID-19 pandemic: An outlook on its impact on air quality and its association with environmental variables in major cities of Punjab and Chandigarh, India",article,Environmental Forensics,publisher: https://www.tandfonline.com/doi/full/10.1080/15275922.2020.1836082,"Sahoo, Prafulla Kumar; Chauhan, Amit Kumar; Mangla, Sherry; Pathak, Ashok Kumar; Garg, V. K.",Taylor and Francis,,1--12,
_xddid: 600c8e77ea8bd37226839e8b; doi: 10.1007/s00705-015-2405-3,Detection of canine astrovirus in dogs with diarrhea in Japan,article,Archives of Virology,publisher: http://link.springer.com/10.1007/s00705-015-2405-3,"Takano, Tomomi; Takashina, Midori; Doki, Tomoyoshi; Hohdatsu, Tsutomu",CORD19,160,1549--1553,2015
_xddid: 605e9d773f2ac7e70158f114; doi: 10.1111/eci.13423,Global perspective of COVID‐19 epidemiology for a full‐cycle pandemic,article,European Journal of Clinical Investigation,publisher: https://onlinelibrary.wiley.com/doi/10.1111/eci.13423,"Ioannidis, John P.A.",Wiley,,,
_xddid: 604fd46b3f2ac7e701219d59; doi: 10.1016/j.jclinepi.2020.12.002,Modeling the coronavirus disease 2019 pandemic: A comprehensive guide of infectious disease and decision-analytic models,article,Journal of Clinical Epidemiology,publisher: https://www.sciencedirect.com/science/article/pii/S089543562031204X,,Elsevier,,,2020
_xddid: 5b51eea3cf58f1a50a451954; doi: 10.1111/j.1423-0410.2004.00517.x,"Posters: Session A, Monday, 12 July 2004, 17.00-18.00",article,Vox Sanguinis,publisher: http://doi.wiley.com/10.1111/j.1423-0410.2004.00517.x,,Wiley,87,17--92,2004
_xddid: 5f3d4a4da58f1dfd52121af3; doi: 10.1080/23744235.2020.1772992,Time course of anosmia and dysgeusia in patients with mild SARS-CoV-2 infection,article,Infectious Diseases,publisher: https://www.tandfonline.com/doi/full/10.1080/23744235.2020.1772992,"Levinson, Ruth; Elbaz, Meital; Ben-Ami, Ronen; Shasha, David; Levinson, Tal; Choshen, Guy; Petrov, Ksenia; Gadoth, Avi; Paran, Yael",Taylor and Francis,52,600--602,2020
_xddid: 605ef8dd3f2ac7e70159fc7e; doi: 10.1002/aepp.13078,COVID ‐19 Policy Modeling in Sub‐Saharan Africa,article,Applied Economic Perspectives and Policy,publisher: https://onlinelibrary.wiley.com/doi/abs/10.1002/aepp.13078,"Mueller, Valerie; Sheriff, Glenn; Keeler, Corinna; Jehn, Megan",Wiley,,,
_xddid: 58cc4095cf58f15a29b1e2cb; doi: 10.1111/j.1467-8519.2005.00447.x,REFLECTING ON ETHICAL AND LEGAL ISSUES IN WILDLIFE DISEASE,article,Bioethics,publisher: http://doi.wiley.com/10.1111/j.1467-8519.2005.00447.x,"MCCALLUM, HAMISH; HOCKING, BARBARA ANN",Wiley,19,336--347,2005
_xddid: 5ee17d80725b01fb00405bdd; doi: 10.1016/S2352-3018(20)30163-6,COVID-19 in people with HIV,article,The Lancet HIV,publisher: https://www.sciencedirect.com/science/article/pii/S2352301820301636,,Elsevier,,,2020
_xddid: 600cd717ea8bd3722684c2f3; doi: 10.1007/s10198-018-0978-y,People’s perception and cost-effectiveness of home confinement during an influenza pandemic: evidence from the French case,article,The European Journal of Health Economics,publisher: http://link.springer.com/10.1007/s10198-018-0978-y,"Orset, Caroline",CORD19,19,1335--1350,2018
_xddid: 5fc9097878f934caa3e4885f; doi: 10.1016/j.micpath.2020.104621,ACE2 and TMPRSS2 polymorphisms in various diseases with special reference to its impact on COVID-19 disease,article,Microbial Pathogenesis,publisher: https://www.sciencedirect.com/science/article/pii/S0882401020309876?v=s5,,Elsevier,,104621,2020
_xddid: 604fd90a3f2ac7e70121c6ef; doi: 10.1016/j.bspc.2021.102518,Automatic detection of COVID-19 disease using U-Net architecture based fully convolutional network,article,Biomedical Signal Processing and Control,publisher: https://www.sciencedirect.com/science/article/pii/S1746809421001154,,Elsevier,67,102518,2021
_xddid: 5fb2dc0ad76fca4a3fb85eb6; doi: 10.1016/j.vacun.2020.09.003,Transmission of SARS CoV-2 virus through the ocular mucosa worth taking precautions,article,Vacunas,publisher: https://www.sciencedirect.com/science/article/pii/S1576988720300467?v=s5,,Elsevier,,,2020
_xddid: 6137d54567467f7269e97f4c; doi: 10.1038/s41591-020-1036-8,Using a real-world network to model localized COVID-19 control strategies,article,Nature Medicine,publisher: http://www.nature.com/articles/s41591-020-1036-8,"Firth, Josh A.; Hellewell, Joel; Klepac, Petra; Kissler, Stephen; Kucharski, Adam J.; Spurgin, Lewis G.",Springer,26,1616--1622,2020
_xddid: 5e7e628a998e17af8269b938; doi: 10.1016/j.meegid.2010.09.015,A novel algorithm to define infection tendencies in H1N1 cases in Mainland China,article,"Infection, Genetics and Evolution",publisher: https://www.sciencedirect.com/science/article/pii/S1567134810002819,"Zarlenga, Dante S.; Qin, Chengfeng; Ren, Xiaofeng",Elsevier,11,222--226,2011
_xddid: 5f918c84a58f1dfd521dee20; doi: 10.1016/j.ejphar.2020.173643,Pharmacological insight into potential therapeutic agents for the deadly Covid-19 pandemic,article,European Journal of Pharmacology,publisher: https://www.sciencedirect.com/science/article/pii/S0014299920307354,,Elsevier,,173643,2020
_xddid: 5e8369c3998e17af8269fc7b; doi: 10.1016/B978-0-7020-5246-0.00018-8,Diseases Primarily Affecting the Reproductive System,article,Veterinary Medicine,publisher: https://www.sciencedirect.com/science/article/pii/B9780702052460000188,,Elsevier,,1758--1829,2017
_xddid: 616cfd1c67467f7269cd0daf; doi: 10.1007/s42532-020-00067-y,The COVID-19 pandemic: local to global implications as perceived by urban ecologists,article,Socio-Ecological Practice Research,publisher: https://link.springer.com/10.1007/s42532-020-00067-y,"Douglas, Ian; Champion, Mark; Clancy, Joy; Haley, David; Lopes de Souza, Marcelo; Morrison, Kerry; Scott, Alan; Scott, Richard; Stark, Miriam; Tippett, Joanne; Tryjanowski, Piotr; Webb, Tim",Springer,2,217--228,2020
_xddid: 60a7e2793f2ac7e7013731a0; doi: 10.1016/j.clindermatol.2021.05.022,COVID-19 and Dermatology in Iran,article,Clinics in Dermatology,publisher: https://www.sciencedirect.com/science/article/pii/S0738081X21000870?v=s5,,Elsevier,,,2021
_xddid: 605e678d3f2ac7e70158470b; doi: 10.1111/aphw.12245,Health and Well‐Being in the Early Stages of the Covid‐19 Pandemic: Insights from Applied Psychology,article,Applied Psychology: Health and Well-Being,publisher: https://onlinelibrary.wiley.com/doi/10.1111/aphw.12245,"Inauen, Jennifer; Zhou, Guangyu",Wiley,,,
_xddid: 61042dd967467f726927253e; doi: 10.1016/j.jneuroim.2021.577674,Acute disseminated encephalomyelitis and COVID-19: A systematic synthesis of worldwide cases,article,Journal of Neuroimmunology,publisher: https://www.sciencedirect.com/science/article/pii/S0165572821002010?v=s5,,Elsevier,,577674,2021
_xddid: 605ef8dd3f2ac7e70159fc9b; doi: 10.1002/jpen.1996,Challenges of Maintaining Optimal Nutritional Status in COVID‐19 Patients in Intensive Care Settings,article,Journal of Parenteral and Enteral Nutrition,publisher: https://onlinelibrary.wiley.com/doi/abs/10.1002/jpen.1996,"Minnelli, Nicole; Gibbs, Lisa; Larrivee, Jennifer; Sahu, Kamal Kant",Wiley,,,
_xddid: 5f9acdd0853f777558bad683; doi: 10.1080/21548331.2020.1828888,The increasing importance of the novel Coronavirus,article,Hospital Practice,publisher: https://www.tandfonline.com/doi/full/10.1080/21548331.2020.1828888,"Mungroo, Mohammad Ridwane; Khan, Naveed Ahmed; Siddiqui, Ruqaiyyah",Taylor and Francis,,1--11,
_xddid: 6239164e2688b711354586f7; doi: 10.1016/j.amsu.2021.103207,Assigning green hospitals during the COVID-19 pandemic assure continuous and safe resumption of surgical services,article,Annals of Medicine and Surgery,publisher: https://www.sciencedirect.com/science/article/pii/S2049080121011572,"AlShammary, Sami Ayed; Abuzied, Yacoub; AlAsseri, Yahya; AlQumaizi, Khalid I.",Elsevier,73,103207,2022
_xddid: 5ce08f030b45c76caf8a7278; doi: 10.1002/rmv.720,Human bocavirus-the first 5 years,article,Reviews in Medical Virology,publisher: http://doi.wiley.com/10.1002/rmv.720,"Jartti, Tuomas; Hedman, Klaus; Jartti, Laura; Ruuskanen, Olli; Allander, Tobias; Söderlund-Venermo, Maria",Wiley,22,46--64,2012
_xddid: 5e83a8ac998e17af8269ffde; doi: 10.1016/B978-0-12-409527-4.00015-8,"Biology and Diseases of Ruminants (Sheep, Goats, and Cattle)",article,Laboratory Animal Medicine,publisher: https://www.sciencedirect.com/science/article/pii/B9780124095274000158,"Blauwiekel, Ruth; Delano, Margaret L.; Gillesby, Rose; Mischler, Scott A.; Schoell, Adam",Elsevier,,623--694,2015
_xddid: 5eb9fc56998e17af826e08fd; doi: 10.1016/B978-0-12-809633-8.21501-X,"Human Coronavirus-229E, -OC43, -NL63, and -HKU1",article,Reference Module in Life Sciences,publisher: https://www.sciencedirect.com/science/article/pii/B978012809633821501X,"Liang, Jia Q.; Fung, To S.",Elsevier,,,2020
_xddid: 620fc047ad0e9c819b128052; doi: 10.1016/j.wasman.2021.12.039,An effective system for recovering recyclable waste from households in China: Ant Recovery’s bottom-up scheme in Changchun city,article,Waste Management,publisher: https://www.sciencedirect.com/science/article/pii/S0956053X21006929,"Li, Huijie",Elsevier,139,352--361,2022
_xddid: 5f3d2992a58f1dfd52121430; doi: 10.1016/j.eml.2020.100921,Data-driven modeling of COVID-19—Lessons learned,article,Extreme Mechanics Letters,publisher: https://www.sciencedirect.com/science/article/pii/S2352431620301784?v=s5,,Elsevier,,100921,2020
_xddid: 604fd6e13f2ac7e70121b347; doi: 10.1016/j.gr.2021.02.002,Multiple relationships between aerosol and COVID-19: A framework for global studies,article,Gondwana Research,publisher: https://www.sciencedirect.com/science/article/pii/S1342937X21000599,,Elsevier,93,243--251,2021
_xddid: 5e84acaf998e17af826a0bab; doi: 10.1016/0197-4580(91)90119-5,Necessity of a more standardized virological characterization of rodents for aging studies,article,Neurobiology of Aging,publisher: https://www.sciencedirect.com/science/article/pii/0197458091901195,"van der Logt, Joseph T.M.",Elsevier,12,669--672,1991
_xddid: 605edf183f2ac7e70159b163; doi: 10.1002/ehf2.13009,Management of catheter ablation in arrhythmia patients during the coronavirus disease 2019 epidemic,article,ESC Heart Failure,publisher: https://onlinelibrary.wiley.com/doi/10.1002/ehf2.13009,"Li, Kaige; Qin, Mu; Jiang, Weifeng; Zhang, Yu; Wu, Shaohui; Xu, Kai; Liu, Xu",Wiley,,,
_xddid: 5fbc69abd76fca4a3fde649f; doi: 10.1016/j.earlhumdev.2020.105260,"One of COVID-19's many costs: Malta's expenditure in consumables and non-consumables, a population-based study",article,Early Human Development,publisher: https://www.sciencedirect.com/science/article/pii/S0378378220307647,,Elsevier,,105260,2020
_xddid: 605f19ad3f2ac7e7015a5b59; doi: 10.1111/tgis.12660,Spatially‐explicit models for exploring COVID‐19 lockdown strategies,article,Transactions in GIS,publisher: https://onlinelibrary.wiley.com/doi/abs/10.1111/tgis.12660,"O'Sullivan, David; Gahegan, Mark; Exeter, Dan; Adams, Benjamin",Wiley,,,
_xddid: 616b09dd67467f7269c53894; doi: 10.1186/1687-1847-2013-42,Global stability of the endemic equilibrium of a discrete SIR epidemic model,article,Advances in Difference Equations,publisher: https://advancesindifferenceequations.springeropen.com/articles/10.1186/1687-1847-2013-42,"Ma, Xia; Zhou, Yicang; Cao, Hui",Springer,2013,,2013
_xddid: 5718c4a2cf58f11ac4209e8f; doi: 10.1002/ajhb.20618,"Social contexts, syndemics, and infectious disease in northern Aboriginal populations",article,American Journal of Human Biology,publisher: http://doi.wiley.com/10.1002/ajhb.20618,"Ann Herring, D.; Sattenspiel, Lisa",Wiley,19,190--202,2007
_xddid: 6196451267467f7269e03cbc; doi: 10.1016/j.ijdrr.2021.102547,Establishment of epidemic early warning index system and optimization of infectious disease model: Analysis on monitoring data of public health emergencies,article,International Journal of Disaster Risk Reduction,publisher: https://www.sciencedirect.com/science/article/pii/S2212420921005082,"Hu, Peiyang; Wang, Houcai",Elsevier,65,102547,2021
_xddid: 607ef05d3f2ac7e701c06e3f; doi: 10.1002/phar.2481,"Immunosuppression Trends in Solid Organ Transplantation: The Future of Individualization, Monitoring, and Management",article,Pharmacotherapy: The Journal of Human Pharmacology and Drug Therapy,publisher: https://onlinelibrary.wiley.com/doi/10.1002/phar.2481,"Pilch, Nicole A.; Bowman, Lyndsey J.; Taber, David J.",Wiley,,,
_xddid: 605e132b3f2ac7e70157501f; doi: 10.1111/blar.13217,Health Risks for Poultry Workers in Brazil in the COVID ‐19 Pandemic,article,Bulletin of Latin American Research,publisher: https://onlinelibrary.wiley.com/doi/10.1111/blar.13217,"Campos Silva, Allan R.",Wiley,39,88--91,2020
_xddid: 5fb2df01d76fca4a3fb88859; doi: 10.1016/j.ibmed.2020.100007,Synthea™ Novel coronavirus (COVID-19) model and synthetic data set,article,Intelligence-Based Medicine,publisher: https://www.sciencedirect.com/science/article/pii/S2666521220300077,,Elsevier,1,100007,2020
_xddid: 6309dad62cc8300dbbb76db6; doi: 10.1016/j.amc.2015.05.028,Periodic solutions in an epidemic model with diffusion and delay,article,Applied Mathematics and Computation,publisher: https://www.sciencedirect.com/science/article/pii/S0096300315006451,"Liu, Pan-Ping",Elsevier,265,275--291,2015
_xddid: 60a7ebd83f2ac7e701375e47; doi: 10.1016/j.bbih.2021.100268,OLFACTORY AND GUSTATORY DYSFUNCTIONS IN SARS-CoV-2 INFECTION:,article,"Brain, Behavior, & Immunity - Health",publisher: https://www.sciencedirect.com/science/article/pii/S2666354621000715?v=s5,,Elsevier,,100268,2021
_xddid: 58cc5cb9cf58f16421d8d82d; doi: 10.1111/j.1467-8519.2005.00446.x,OBLIGATORY PRECAUTIONS AGAINST INFECTION,article,Bioethics,publisher: http://doi.wiley.com/10.1111/j.1467-8519.2005.00446.x,"VERWEIJ, MARCEL",Wiley,19,323--335,2005
_xddid: 5f760b49a58f1dfd521cdc65; doi: 10.1016/j.chiabu.2020.104757,Violence against children during COVID-19 Assessing and understanding change in use of helplines,article,Child Abuse & Neglect,publisher: https://www.sciencedirect.com/science/article/pii/S0145213420304129?v=s5,,Elsevier,,104757,2020
_xddid: 5ed96efc768935d2be5cda2a; doi: 10.1080/09546634.2020.1775774,Use of systemic therapies for psoriasis in the COVID-19 era,article,Journal of Dermatological Treatment,publisher: https://www.tandfonline.com/doi/full/10.1080/09546634.2020.1775774,"Kearns, Donovan G.; Uppal, Shelley; Chat, Vipawee S.; Wu, Jashin J.",Taylor and Francis,,1--14,
_xddid: 59922b8acf58f18e62bddf64; doi: 10.1016/S1473-3099(11)70246-8,Global perspectives for prevention of infectious diseases associated with mass gatherings,article,The Lancet Infectious Diseases,publisher: http://www.sciencedirect.com/science/article/pii/S1473309911702468,"Abubakar, Ibrahim; Gautret, Philippe; Brunette, Gary W; Blumberg, Lucille; Johnson, David; Poumerol, Gilles; Memish, Ziad A; Barbeschi, Maurizio; Khan, Ali S",Elsevier,12,66--74,2012
_xddid: 604fdb5f3f2ac7e70121d864; doi: 10.1016/j.rinp.2021.103970,Mathematical analysis of COVID-19 by using SIR model with convex incidence rate,article,Results in Physics,publisher: https://www.sciencedirect.com/science/article/pii/S2211379721001443,,Elsevier,23,103970,2021
_xddid: 5fb29eb5d76fca4a3fb65aa6; doi: 10.1080/15564886.2020.1829765,United States Bureau of Prisons’ Response to the COVID-19 Pandemic,article,Victims & Offenders,publisher: https://www.tandfonline.com/doi/full/10.1080/15564886.2020.1829765,"Hummer, Don",Taylor and Francis,,1--15,
_xddid: 5e8347d4998e17af8269f34a; doi: 10.1016/B978-1-78548-115-4.50010-X,Biodiversity and Health Scenarios,article,Biodiversity and Health,publisher: https://www.sciencedirect.com/science/article/pii/B978178548115450010X,"Lajaunie, Claire",Elsevier,,147--171,2018
_xddid: 604fd4653f2ac7e7012197a2; doi: 10.1016/j.clineuro.2021.106563,Can pulse steroid therapy increase the risk of infection by COVID-19 in patients with multiple sclerosis?,article,Clinical Neurology and Neurosurgery,publisher: https://www.sciencedirect.com/science/article/pii/S0303846721000901,,Elsevier,203,106563,2021
_xddid: 5b527eaccf58f1a50a4684af; doi: 10.1002/nau.21012,Quality of life in complete spinal cord injury patients with a Brindley bladder stimulator compared to a matched control group,article,Neurourology and Urodynamics,publisher: http://doi.wiley.com/10.1002/nau.21012,"Martens, Frank M.J.; den Hollander, Philip P.; Snoek, Govert J.; Koldewijn, Evert L.; van Kerrebroeck, Philip E.V.A.; Heesakkers, John P.F.A.",Wiley,30,551--555,2011
_xddid: 5f525daaa58f1dfd521412a2; doi: 10.1016/S0196-6553(20)30735-5,Table of Contents,article,American Journal of Infection Control,publisher: https://www.sciencedirect.com/science/article/pii/S0196655320307355,,Elsevier,48,A2--A9,2020
_xddid: 609b88cd3f2ac7e70117e2e5; doi: 10.1111/vox.12792,Abstract of 29th Regional Congress of the ISBT,article,Vox Sanguinis,publisher: https://onlinelibrary.wiley.com/doi/abs/10.1111/vox.12792,,Wiley,114,5--240,2019
_xddid: 605ebe483f2ac7e7015951df; doi: 10.1111/papr.12951,How to restart the interventional activity in the COVID‐19 era. The experience of a private Pain Unit in Spain,article,Pain Practice,publisher: https://onlinelibrary.wiley.com/doi/10.1111/papr.12951,"Abejón González, David; Monzón, Eva M; Deer, Tim; Hagedorn, Jonathan M.; Araujo, Ricardo; Abad, Cristina; Rios, Alberto; Zamora, Alejandro; Vallejo, Ricardo",Wiley,,,
_xddid: 6170a1e567467f7269dd522c; doi: 10.1186/s12879-018-3093-x,Contact among healthcare workers in the hospital setting: developing the evidence base for innovative approaches to infection control,article,BMC Infectious Diseases,publisher: https://bmcinfectdis.biomedcentral.com/articles/10.1186/s12879-018-3093-x,"English, Krista M.; Langley, Joanne M.; McGeer, Allison; Hupert, Nathaniel; Tellier, Raymond; Henry, Bonnie; Halperin, Scott A.; Johnston, Lynn; Pourbohloul, Babak",Springer,18,,2018
_xddid: 6234f5472688b7113587d91d; doi: 10.1016/j.annepidem.2021.08.013,A framework for monitoring population immunity to SARS-CoV-2,article,Annals of Epidemiology,publisher: https://www.sciencedirect.com/science/article/pii/S1047279721002635,"Shioda, Kayoko; Nguyen, Quan; Beckett, Stephen J.; Siegler, Aaron J.; Sullivan, Patrick S.; Weitz, Joshua S.",Elsevier,63,75--78,2021
_xddid: 5f3ea9eca58f1dfd521251f8; doi: 10.1016/j.jpeds.2020.08.037,"Pediatric SARS-CoV-2: Clinical Presentation, Infectivity, and Immune Responses",article,The Journal of Pediatrics,publisher: https://www.sciencedirect.com/science/article/pii/S0022347620310234?v=s5,,Elsevier,,,2020
_xddid: 616ed1d467467f7269d58102; doi: 10.1007/s00508-020-01672-3,Diabetes and COVID-19,article,Wiener klinische Wochenschrift,publisher: https://link.springer.com/10.1007/s00508-020-01672-3,"Peric, Slobodan; Stulnig, Thomas M.",Springer,132,356--361,2020
_xddid: 607f0f933f2ac7e701c195d1; doi: 10.1111/anae.15364,Individual‐level vs. population‐level approaches to estimating R0: a reply,article,Anaesthesia,publisher: https://onlinelibrary.wiley.com/doi/10.1111/anae.15364,"Pandit, J. J.",Wiley,,,
_xddid: 5f085d03a58f1dfd520fca6d; doi: 10.1016/S1473-3099(04)00928-4,Rotavirus infection in adults,article,The Lancet Infectious Diseases,publisher: https://www.sciencedirect.com/science/article/pii/S1473309904009284,"Weber, Stephen G",Elsevier,4,91--99,2004
_xddid: 616ef9ac67467f7269d62b4c; doi: 10.1007/s42399-020-00360-7,Conjunctivitis as a Sentinel of SARS-CoV-2 Infection: a Need of Revision for Mild Symptoms,article,SN Comprehensive Clinical Medicine,publisher: https://link.springer.com/10.1007/s42399-020-00360-7,"Panoutsopoulos, Alexios A.",Springer,2,859--864,2020
_xddid: 5fbc69b6d76fca4a3fde66df; doi: 10.1016/j.molcel.2020.11.028,Actionable Cytopathogenic Host Responses of Human Alveolar Type 2 Cells to SARS-CoV-2,article,Molecular Cell,publisher: https://www.sciencedirect.com/science/article/pii/S1097276520308285?v=s5,,Elsevier,,,2020
_xddid: 60a7e0223f2ac7e701372695; doi: 10.1016/j.humimm.2021.05.001,Chemotherapy vs. Immunotherapy in combating nCOVID19: An update,article,Human Immunology,publisher: https://www.sciencedirect.com/science/article/pii/S0198885921001166,,Elsevier,,,2021
_xddid: 601d56d0ea8bd37226cd8151; doi: 10.1182/blood.2020006216,Tocilizumab not associated with increased infection risk after CAR T-cell therapy: implications for COVID-19?,article,Blood,publisher: https://www.sciencedirect.com/science/article/pii/S0006497120619243,,Elsevier,136,137--139,2020
_xddid: 601095aaea8bd37226942df3; doi: 10.1371/journal.pbio.1000155,CFTR Delivery to 25% of Surface Epithelial Cells Restores Normal Rates of Mucus Transport to Human Cystic Fibrosis Airway Epithelium,article,PLoS Biology,publisher: https://dx.plos.org/10.1371/journal.pbio.1000155,"Zhang, Liqun; Button, Brian; Gabriel, Sherif E.; Burkett, Susan; Yan, Yu; Skiadopoulos, Mario H.; Dang, Yan Li; Vogel, Leatrice N.; McKay, Tristan; Mengos, April; Boucher, Richard C.; Collins, Peter L.; Pickles, Raymond J.; Philipson, Lennart",CORD19,7,e1000155,
_xddid: 5c182ac11faed6554888ecc2; doi: 10.1111/j.1398-9995.2010.02505.x,Viruses and bacteria in acute asthma exacerbations - A GA2LEN-DARE* systematic review,article,Allergy,publisher: http://doi.wiley.com/10.1111/j.1398-9995.2010.02505.x,"Papadopoulos, N. G.; Christodoulou, I.; Rohde, G.; Agache, I.; Almqvist, C.; Bruno, A.; Bonini, S.; Bont, L.; Bossios, A.; Bousquet, J.; Braido, F.; Brusselle, G.; Canonica, G. W.; Carlsen, K. H.; Chanez, P.; Fokkens, W. J.; Garcia-Garcia, M.; Gjomarkaj, M.; Haahtela, T.; Holgate, S. T.; Johnston, S. L.; Konstantinou, G.; Kowalski, M.; Lewandowska-Polak, A.; Lødrup-Carlsen, K.; Mäkelä, M.; Malkusova, I.; Mullol, J.; Nieto, A.; Eller, E.; Ozdemir, C.; Panzner, P.; Popov, T.; Psarras, S.; Roumpedaki, E.; Rukhadze, M.; Stipic-Markovic, A.; Todo Bom, A.; Toskala, E.; van Cauwenberge, P.; van Drunen, C.; Watelet, J. B.; Xatzipsalti, M.; Xepapadaki, P.; Zuberbier, T.",Wiley,66,458--468,2011
_xddid: 5e9551c6998e17af826aba69; doi: 10.1016/j.ijid.2020.03.031,Transmission potential and severity of COVID-19 in South Korea,article,International Journal of Infectious Diseases,publisher: https://www.sciencedirect.com/science/article/pii/S1201971220301508,"Tariq, Amna; Choi, Wongyeong; Lee, Yiseul; Chowell, Gerardo",Elsevier,93,339--344,2020
_xddid: 5f19cb8fa58f1dfd52102b09; doi: 10.1016/j.lfs.2020.118097,The bio-mission of interleukin-6 in the pathogenesis of COVID-19: A brief look at potential therapeutic tactics,article,Life Sciences,publisher: https://www.sciencedirect.com/science/article/pii/S0024320520308481,,Elsevier,257,118097,2020
_xddid: 604fd4673f2ac7e701219928; doi: 10.1016/j.matcom.2021.01.022,Using a genetic algorithm to fit parameters of a COVID-19 SEIR model for US states,article,Mathematics and Computers in Simulation,publisher: https://www.sciencedirect.com/science/article/pii/S0378475421000392,,Elsevier,185,687--695,2021
_xddid: 5db7c789998e17af8254ab3f; doi: 10.1016/j.ics.2004.01.086,Contribution of technical guidance on nosocomial infection control to the containment of Severe Acute Respiratory Syndrome in Vietnam,article,International Congress Series,publisher: https://www.sciencedirect.com/science/article/pii/S0531513104000901,"Ohara, Hiroshi",Elsevier,1267,79--87,2004
_xddid: 5ede3d84768935d2be5cfaea; doi: 10.1016/B978-0-12-801238-3.10923-7,3.09 Pathophysiological Mechanisms of Gastrointestinal Toxicity☆,article,Comprehensive Toxicology,publisher: https://www.sciencedirect.com/science/article/pii/B9780128012383109237,,Elsevier,,139--178,2018
_xddid: 5e7c8b85998e17af8269903e; doi: 10.1016/j.tmrv.2008.01.001,Pathogen Reduction: A Precautionary Principle Paradigm,article,Transfusion Medicine Reviews,publisher: https://www.sciencedirect.com/science/article/pii/S0887796308000023,"Alter, Harvey J.",Elsevier,22,97--102,2008
_xddid: 5fbcaf84d76fca4a3fe00549; doi: 10.1016/j.apr.2020.11.005,Silver linings in the dark clouds of COVID-19: Improvement of air quality over India and Delhi metropolitan area from measurements and WRF-CHIMERE model simulations,article,Atmospheric Pollution Research,publisher: https://www.sciencedirect.com/science/article/pii/S1309104220303226,"Kaskaoutis, D.G.; Verma, Shubha; Ningombam, Shantikumar S.; Kumar, Sarvan; Ghosh, Sanhita",Elsevier,,,2020
_xddid: 5ee17b26725b01fb00405ae9; doi: 10.1016/S2213-2600(20)30234-4,COVID-19 and the impact of social determinants of health,article,The Lancet Respiratory Medicine,publisher: https://www.sciencedirect.com/science/article/pii/S2213260020302344,,Elsevier,,,2020
_xddid: 5f9189bea58f1dfd521decb3; doi: 10.1016/j.adaj.2020.09.005,Estimating COVID-19 prevalence and infection control practices among US dentists,article,The Journal of the American Dental Association,publisher: https://www.sciencedirect.com/science/article/pii/S0002817720306589,,Elsevier,,,2020
_xddid: 626e998d2688b711350f90e0; doi: 10.1007/s11538-020-00834-8,Sequential Data Assimilation of the Stochastic SEIR Epidemic Model for Regional COVID-19 Dynamics,article,Bulletin of Mathematical Biology,publisher: http://link.springer.com/10.1007/s11538-020-00834-8,"Engbert, Ralf; Rabe, Maximilian M.; Kliegl, Reinhold; Reich, Sebastian",Springer,83,,2021
_xddid: 5bea92dbcf58f19b00750b38; doi: 10.1111/j.1492-7535.2004.0085by.x,Daily Online Hemodiafiltration: Rescue Dialysis Modality for Children?,article,Hemodialysis International,publisher: http://doi.wiley.com/10.1111/j.1492-7535.2004.0085by.x,"Fischbach, M.; Terzic, J.; Laugel, V.; Helms, P.; Livolsi, A.",Wiley,8,107--107,2004
_xddid: 616f0ed067467f7269d686d2; doi: 10.1007/s12630-020-01730-4,The case for routine screening for SARS-CoV-2 before surgery,article,Canadian Journal of Anesthesia/Journal canadien d'anesthésie,publisher: https://link.springer.com/10.1007/s12630-020-01730-4,"Tenenbein, Paul; Riazi, Sheila; Johnstone, Jennie; Keshavjee, Shaf; Karkouti, Keyvan",Springer,67,1315--1320,2020
_xddid: 5ee1660d725b01fb00404b71; doi: 10.1016/j.ajem.2020.03.036,Coronavirus Disease (COVID-19): A primer for emergency physicians,article,The American Journal of Emergency Medicine,publisher: https://www.sciencedirect.com/science/article/pii/S0735675720301789,,Elsevier,,,2020
_xddid: 5e7f5895998e17af8269c463; doi: 10.1016/j.jcv.2010.07.002,Prevalence and clinical characteristics of human CoV-HKU1 in children with acute respiratory tract infections in China,article,Journal of Clinical Virology,publisher: https://www.sciencedirect.com/science/article/pii/S1386653210002696,"Song, Jing-Rong; Xie, Zhi-Ping; Gao, Han-Chun; Yuan, Xin-Hui; Xu, Zi-Qian; Yan, Kun-Long; Zhao, Yang; Xiao, Ni-Guang; Hou, Yun-De; Duan, Zhao-Jun",Elsevier,49,126--130,2010
_xddid: 604fd4633f2ac7e70121957e; doi: 10.4103/ijmm.IJMM_20_54,Novel 2019-Coronavirus on New Year’s Eve,article,Indian Journal of Medical Microbiology,publisher: https://www.sciencedirect.com/science/article/pii/S0255085720313281,,Elsevier,37,459--477,2019
_xddid: 60728bd43f2ac7e701957d8e; doi: 10.1111/ijcp.14116,"A study of the possible factors affecting COVID‐19 spread, severity and mortality and the effect of social distancing on these factors: Machine learning forecasting model",article,International Journal of Clinical Practice,publisher: https://onlinelibrary.wiley.com/doi/10.1111/ijcp.14116,"Zawbaa, Hossam; El‐Gendy, Ahmed; Saeed, Haitham; Osama, Hasnaa; Ali, Ahmed MA; Gomaa, Dina; Abdelrahman, Mona; Harb, Hadeer S.; Madney, Yasmin M.; Abdelrahim, Mohamed",Wiley,,,
_xddid: 5fc5126ed76fca4a3f0d5d51; doi: 10.1080/07391102.2020.1848634,Structure-based identification of potential SARS-CoV-2 main protease inhibitors,article,Journal of Biomolecular Structure and Dynamics,publisher: https://www.tandfonline.com/doi/full/10.1080/07391102.2020.1848634,"Khan, Shama; Fakhar, Zeynab; Hussain, Afzal; Ahmad, Aijaz; Jairajpuri, Deeba Shamim; Alajmi, Mohamed F.; Hassan, Md. Imtaiyaz",Taylor and Francis,,1--14,
_xddid: 5e7e3859998e17af8269b733; doi: 10.1016/j.jtbi.2009.03.006,Timely identification of optimal control strategies for emerging infectious diseases,article,Journal of Theoretical Biology,publisher: https://www.sciencedirect.com/science/article/pii/S0022519309001118,"Yang, Yiding; Xu, Dashun; Zhang, Pei; McCauley, Mary Mason; Glasser, John W.",Elsevier,259,165--171,2009
_xddid: 5ba8686acf58f1875dec305b; doi: 10.1111/1475-6773.12041,Microsimulation of Financial Impact of Demand Surge on Hospitals: The H1N1 Influenza Pandemic of Fall 2009,article,Health Services Research,publisher: http://doi.wiley.com/10.1111/1475-6773.12041,"Braithwaite, Sabina; Friedman, Bernard; Mutter, Ryan; Handrigan, Michael",Wiley,48,735--752,2013
_xddid: 5a34eecccf58f190e1bae6e1; doi: 10.1111/j.1939-1676.2008.0103.x,"Research Abstract Program of the 26th Annual ACVIM Forum San Antonio, TX, June 4 - June 7, 2008",article,Journal of Veterinary Internal Medicine,publisher: http://doi.wiley.com/10.1111/j.1939-1676.2008.0103.x,,Wiley,22,687--824,2008
_xddid: 5f19d039a58f1dfd52102e6d; doi: 10.1016/j.ijsu.2020.07.012,Orthopaedic surgery after COVID-19 – A blueprint for resuming elective surgery after a pandemic,article,International Journal of Surgery,publisher: https://www.sciencedirect.com/science/article/pii/S1743919120305471,,Elsevier,80,162--167,2020
_xddid: 604fd9053f2ac7e70121c2e7; doi: 10.1016/j.jamda.2021.02.034,Shifting U.S. Patterns of COVID-19 Mortality by Race and Ethnicity from June -December 2020,article,Journal of the American Medical Directors Association,publisher: https://www.sciencedirect.com/science/article/pii/S1525861021002553?v=s5,,Elsevier,,,2021
_xddid: 5f526248a58f1dfd52141822; doi: 10.1016/j.idm.2020.08.011,Capacity-need gap in hospital resources for varying mitigation and containment strategies in India in the face of COVID-19 pandemic,article,Infectious Disease Modelling,publisher: https://www.sciencedirect.com/science/article/pii/S2468042720300415,,Elsevier,5,608--621,2020
_xddid: 592560becf58f1a3c296eccb; doi: 10.1080/17544750.2014.926951,Channel selection and knowledge acquisition during the 2009 Beijing H1N1 flu crisis: a media system dependency theory perspective,article,Chinese Journal of Communication,publisher: http://www.tandfonline.com/doi/abs/10.1080/17544750.2014.926951,"Hu, Baijing; Zhang, Di",Taylor and Francis,7,299--318,2014
_xddid: 5ee17b24725b01fb00405a0b; doi: 10.1016/j.cdtm.2020.05.001,Management recommendations for patients with chronic kidney disease during the novel coronavirus disease 2019 (COVID-19) epidemic,article,Chronic Diseases and Translational Medicine,publisher: https://www.sciencedirect.com/science/article/pii/S2095882X20300402,,Elsevier,,,2020
_xddid: 5fb2df02d76fca4a3fb888e7; doi: 10.1016/j.lanwpc.2020.100035,A less visible pandemic,article,The Lancet Regional Health - Western Pacific,publisher: https://www.sciencedirect.com/science/article/pii/S2666606520300353,,Elsevier,2,100035,2020
_xddid: 606259b93f2ac7e701640b60; doi: 10.1002/alr.22796,Trigeminal features in COVID‐19 patients with smell impairment,article,International Forum of Allergy & Rhinology,publisher: https://onlinelibrary.wiley.com/doi/10.1002/alr.22796,"Ferreli, Fabio; Di Bari, Matteo; Gaino, Francesca; Albanese, Alberto; Politi, Letterio S.; Spriano, Giuseppe; Mercante, Giuseppe",Wiley,,,
_xddid: 61b0e25367467f7269904793; doi: 10.1016/j.ajic.2021.08.009,Building a personal protective equipment monitor team as part of a comprehensive COVID-19 prevention strategy,article,American Journal of Infection Control,publisher: https://www.sciencedirect.com/science/article/pii/S0196655321005435,"Selimos, Amy; Brewer, Brooke; Buchanan, Mark; Clark, Christa; Croyle, Karen; Culbreth, Cynthia; Monte, Pamela Del; DiBiase, Lauren M.; Hendrickson, Lori; Miller, Pam; Schnell, Natalie; Schultz, Katherine; Stancill, Lisa; Teal, Lisa; Sickbert-Bennett, Emily; Weber, David J.",Elsevier,49,1443--1444,2021
_xddid: 5ede3feb768935d2be5cfd11; doi: 10.1533/9781845695552.2.262,8 Enhancing hygiene/antimicrobial properties of polyolefins,article,Polyolefin Fibres,publisher: https://www.sciencedirect.com/science/article/pii/B9781845692070500081,,Elsevier,,262--287,2009
_xddid: 60a7db703f2ac7e7013710cb; doi: 10.1016/B978-0-12-824536-1.00024-1,33 Artificial intelligence–based solutions for early identification and classification of COVID-19 and acute respiratory distress syndrome,article,Data Science for COVID-19,publisher: https://www.sciencedirect.com/science/article/pii/B9780128245361000241,,Elsevier,,613--626,2021
_xddid: 5ea9a4d0998e17af826c63c8; doi: 10.1002/jmv.25936,"SARS‐CoV‐2 can be detected in urine, blood, anal swabs and oropharyngeal swabs specimens",article,Journal of Medical Virology,publisher: https://onlinelibrary.wiley.com/doi/abs/10.1002/jmv.25936,"Peng, Liang; Liu, Jing; Xu, Wenxiong; Luo, Qiumin; Chen, Dabiao; Lei, Ziying; Huang, Zhanlian; Li, Xuejun; Deng, Keji; Lin, Bingliang; Gao, Zhiliang",Wiley,,,
_xddid: 5f88a5b5a58f1dfd521dbccd; doi: 10.1080/17565529.2020.1799738,Turbulent transformation: abrupt societal disruption and climate resilient development,article,Climate and Development,publisher: https://www.tandfonline.com/doi/full/10.1080/17565529.2020.1799738,"Schipper, E.L.F.; Eriksen, S.E.; Fernandez Carril, L.R.; Glavovic, B.C.; Shawoo, Z.",Taylor and Francis,,1--8,
_xddid: 5e84c1ca998e17af826a0ca8; doi: 10.1016/0264-410X(95)98265-C,"Stimulation of rotavirus IgA, IgG and neutralising antibodies in baboon milk by parenteral vaccination",article,Vaccine,publisher: https://www.sciencedirect.com/science/article/pii/0264410X9598265C,"Campbell, I.; Mwenda, J.M.; Chege, G.; Suleman, M.A.; Morein, B.; Hart, C.A.",Elsevier,13,408--413,1995
_xddid: 5c4b79371faed6554893d15c; doi: 10.1002/pbc.27057,2018 ASPHO ABSTRACTS,article,Pediatric Blood & Cancer,publisher: http://doi.wiley.com/10.1002/pbc.27057,,Wiley,65,e27057,2018
_xddid: 5fc5092fd76fca4a3f0d020b; doi: 10.1016/j.jmig.2020.11.012,Where Have All the Emergencies Gone? The impact of the COVID-19 pandemic on obstetric and gynecologic procedures and consults at a New York City hospital,article,Journal of Minimally Invasive Gynecology,publisher: https://www.sciencedirect.com/science/article/pii/S1553465020311304?v=s5,,Elsevier,,,2020
_xddid: 6073bed93f2ac7e701995e72; doi: 10.1002/cre2.398,The contrasting short‐term effects of COVID ‐19 on dental care practices in the United States,article,Clinical and Experimental Dental Research,publisher: https://onlinelibrary.wiley.com/doi/10.1002/cre2.398,"Diab, Zeid; Shara, Nawar; Chou, Jiling; Libin, Alexander; Kuhn, Alexander; Farmer‐Dixon, Cherae; Jackson, Andrea; Hughes, Bertram; Laurence, Brian",Wiley,,,
_xddid: 61720ad367467f7269e4163e; doi: 10.1186/s12976-020-00127-6,Risk estimation of the SARS-CoV-2 acute respiratory disease outbreak outside China,article,Theoretical Biology and Medical Modelling,publisher: https://tbiomed.biomedcentral.com/articles/10.1186/s12976-020-00127-6,"Kim, Soyoung; Choi, Sunhwa; Ko, Youngsuk; Ki, Moran; Jung, Eunok",Springer,17,,2020
_xddid: 5fb2dc06d76fca4a3fb85be0; doi: 10.1016/j.jamda.2020.10.026,Home Health Staff Perspectives on Infection Prevention and Control: Implications for Coronavirus Disease 2019,article,Journal of the American Medical Directors Association,publisher: https://www.sciencedirect.com/science/article/pii/S1525861020309014,,Elsevier,,,2020
_xddid: 5fda7c8b78f934caa3c0aaa5; doi: 10.1080/13543776.2021.1861248,Repurposing drugs for the management of COVID-19,article,Expert Opinion on Therapeutic Patents,publisher: https://www.tandfonline.com/doi/full/10.1080/13543776.2021.1861248,"Cusinato, Jacopo; Cau, Ylenia; Calvani, Anna Maria; Mori, Mattia",Taylor and Francis,,,
_xddid: 5f20711ea58f1dfd52104fa4; doi: 10.1016/j.crsust.2020.06.001,"Redundancy, Diversity, and Modularity in Network Resilience: Applications for International Trade and Implications for Public Policy",article,Current Research in Environmental Sustainability,publisher: https://www.sciencedirect.com/science/article/pii/S2666049020300049,,Elsevier,,100006,2020
_xddid: 5fc506f1d76fca4a3f0cf44e; doi: 10.1016/j.jtcvs.2020.11.081,Commentary: Gift of life in the time of COVID-19.,article,The Journal of Thoracic and Cardiovascular Surgery,publisher: https://www.sciencedirect.com/science/article/pii/S0022522320331627?v=s5,,Elsevier,,,2020
_xddid: 5e7e237a998e17af8269b580; doi: 10.1016/j.jpeds.2016.11.077,Viral Respiratory Infections in Preterm Infants during and after Hospitalization,article,The Journal of Pediatrics,publisher: https://www.sciencedirect.com/science/article/pii/S0022347616313853,"Yang, Hongmei; Gill, Steven R.; Holden-Wiltse, Jeanne; Pryhuber, Gloria",Elsevier,182,53--58.e3,2017
_xddid: 5e7a8a62998e17af8266238e; doi: 10.1016/S0889-8537(04)00084-7,Index,article,Anesthesiology Clinics of North America,publisher: https://www.sciencedirect.com/science/article/pii/S0889853704000847,,Elsevier,22,607--614,2004
_xddid: 60a7db743f2ac7e701371362; doi: 10.1016/j.envres.2021.111229,Mitigation effect of face shield to reduce SARS-CoV-2 airborne transmission risk: Preliminary simulations based on computed tomography,article,Environmental Research,publisher: https://www.sciencedirect.com/science/article/pii/S0013935121005235,,Elsevier,198,111229,2021
_xddid: 5e8347d6998e17af8269f371; doi: 10.1016/B978-141603137-6.50009-0,Infectious Diseases of the Gastrointestinal Tract,article,Rebhun's Diseases of Dairy Cattle,publisher: https://www.sciencedirect.com/science/article/pii/B9781416031376500090,"Tennant, Bud C.; Whitlock, Robert H.",Elsevier,,200--294,2008
_xddid: 60b7f87b3f2ac7e7015eab15; doi: 10.1016/j.cegh.2021.100788,Biological attributes of age and gender variations in Indian COVID-19 cases: A retrospective data analysis,article,Clinical Epidemiology and Global Health,publisher: https://www.sciencedirect.com/science/article/pii/S2213398421000968,,Elsevier,11,100788,2021
_xddid: 5e842e3a998e17af826a061f; doi: 10.1016/B0-12-369400-0/09008-6,Subject Index,article,Encyclopedia of Toxicology,publisher: https://www.sciencedirect.com/science/article/pii/B0123694000090086,,Elsevier,,643--748,2005
_xddid: 6170ce6c67467f7269ddffbf; doi: 10.1007/s12190-020-01380-1,A stochastic analysis for a triple delayed SIQR epidemic model with vaccination and elimination strategies,article,Journal of Applied Mathematics and Computing,publisher: https://link.springer.com/10.1007/s12190-020-01380-1,"El Fatini, Mohamed; Pettersson, Roger; Sekkak, Idriss; Taki, Regragui",Springer,64,781--805,2020
_xddid: 5f526ba0a58f1dfd5214191b; doi: 10.1111/apt.15897,Letter: immunotherapy in IBD patients in a SARS-CoV-2 endemic area,article,Alimentary Pharmacology & Therapeutics,publisher: http://doi.wiley.com/10.1111/apt.15897,"Waggershauser, Constanze H.; Tillack-Schreiber, Cornelia; Berchtold-Benchieb, Christine; Szokodi, Daniel; Howaldt, Stefanie; Ochsenkühn, Thomas",Wiley,52,898--899,2020
_xddid: 5d51553f0b45c76cafa493d9; doi: 10.1002/jmv.25333,"Epidemiology of human adenovirus infection in children hospitalized with lower respiratory tract infections in Hunan, China",article,Journal of Medical Virology,publisher: http://doi.wiley.com/10.1002/jmv.25333,"Xie, Leyun; Zhang, Bing; Xiao, Niguang; Zhang, Fei; Zhao, Xin; Liu, Qin; Xie, Zhiping; Gao, Hanchun; Duan, Zhaojun; Zhong, Lili",Wiley,,,
_xddid: 5fb2def9d76fca4a3fb882b0; doi: 10.1016/j.mayocpiqo.2020.09.010,Time to Treat: Applying Lessons Learned from Other Viral Syndromes to SARS-CoV-2,article,"Mayo Clinic Proceedings: Innovations, Quality & Outcomes",publisher: https://www.sciencedirect.com/science/article/pii/S2542454820301934?v=s5,,Elsevier,,,2020
_xddid: 5e947edd998e17af826aac9c; doi: 10.1002/lio2.384,Sinonasal pathophysiology of SARS-CoV-2 and COVID-19: a systematic review of the current evidence,article,Laryngoscope Investigative Otolaryngology,publisher: http://doi.wiley.com/10.1002/lio2.384,"Gengler, Isabelle; Wang, James C.; Speth, Marlene M.; Sedaghat, Ahmad R.",Wiley,,,
_xddid: 5e824200998e17af8269e6f7; doi: 10.1016/B978-032304841-5.50086-8,,article,Critical Care Medicine,publisher: https://www.sciencedirect.com/science/article/pii/B9780323048415500868,,Elsevier,,1729--1776,2008
_xddid: 600ecca1ea8bd372268cbce1; doi: 10.1038/nrneph.2014.159,Donor-derived infection—the challenge for transplant safety,article,Nature Reviews Nephrology,publisher: http://www.nature.com/articles/nrneph.2014.159,"Fishman, Jay A.; Grossi, Paolo A.",CORD19,10,663--672,2014
_xddid: 5bc8e6a3cf58f1b3bc228235; doi: 10.1111/j.1537-2995.2007.01507_1.x,Scientific,article,Transfusion,publisher: http://doi.wiley.com/10.1111/j.1537-2995.2007.01507_1.x,,Wiley,47,1A--216A,2007
_xddid: 607436673f2ac7e7019aae0a; doi: 10.1111/tran.12433,“We have to create our own community”: Addressing HIV/AIDS among Men who have Sex with Men (MSM) in the Neuropolis,article,Transactions of the Institute of British Geographers,publisher: https://onlinelibrary.wiley.com/doi/10.1111/tran.12433,"Hassan, Neil R.; Tucker, Andrew",Wiley,,,
_xddid: 5f5279afa58f1dfd521419a3; doi: 10.1002/jmv.26429,Late onset infectious complications and safety of tocilizumab in the management of COVID‐19,article,Journal of Medical Virology,publisher: https://onlinelibrary.wiley.com/doi/abs/10.1002/jmv.26429,"Pettit, Natasha N.; Nguyen, Cynthia T.; Mutlu, Gökhan M.; Wu, David; Kimmig, Lucas; Pitrak, David; Pursell, Kenneth",Wiley,,,
_xddid: 5b1c9b79cf58f16abfac2f26; doi: 10.1002/bjs.5502,The Society of Academic and Research Surgery,article,British Journal of Surgery,publisher: http://doi.wiley.com/10.1002/bjs.5502,,Wiley,93,1--57,2006
_xddid: 60b7f6243f2ac7e7015e9f5c; doi: 10.1016/S0169-5002(21)00240-3,42 Delivering bronchoscopy and respiratory diagnostic service for lung cancer during COVID-19 pandemic: a single-centre experience,article,Lung Cancer,publisher: https://www.sciencedirect.com/science/article/pii/S0169500221002403,,Elsevier,156,S17--S18,2021
_xddid: 56c46ec2cf58f17493f856ff; doi: 10.1002/joc.1801,Host-parasite distribution patterns under simulated climate: implications for tick-borne diseases,article,International Journal of Climatology,publisher: http://doi.wiley.com/10.1002/joc.1801,"Olwoch, J. M.; Reyers, B.; van Jaarsveld, A. S.",Wiley,29,993--1000,2009
_xddid: 616b02d567467f7269c51bdd; doi: 10.1038/s41577-020-00442-6,Immune correlates of SARS-CoV-2 protection,article,Nature Reviews Immunology,publisher: https://www.nature.com/articles/s41577-020-00442-6,"Brown, Matthew",Springer,20,593--593,2020
_xddid: 5b529480cf58f1a50a46b018; doi: 10.1111/irv.12229,Epidemiology of respiratory viral infections in children enrolled in a study of influenza vaccine effectiveness,article,Influenza and Other Respiratory Viruses,publisher: http://doi.wiley.com/10.1111/irv.12229,"Dierig, Alexa; Heron, Leon G.; Lambert, Stephen B.; Yin, Jiehui Kevin; Leask, Julie; Chow, Maria Yui Kwan; Sloots, Theo P.; Nissen, Michael D.; Ridda, Iman; Booy, Robert",Wiley,8,293--301,2014
_xddid: 604f66503f2ac7e7011f0d86; doi: 10.1074/jbc.REV120.015980,Priming of SARS-CoV-2 S protein by several membrane-bound serine proteinases could explain enhanced viral infectivity and systemic COVID-19 infection,article,Journal of Biological Chemistry,publisher: https://www.sciencedirect.com/science/article/pii/S0021925820001271,,Elsevier,296,100135,2021
_xddid: 5eabad08998e17af826c9ab1; doi: 10.1016/j.jamda.2020.03.004,Long-Term Care Facilities and the Coronavirus Epidemic: Practical Guidelines for a Population at Highest Risk,article,Journal of the American Medical Directors Association,publisher: https://www.sciencedirect.com/science/article/pii/S1525861020302498,"Jump, Robin L.P.; LaPlante, Kerry; Gravenstein, Stefan",Elsevier,21,569--571,2020
_xddid: 5d981cb4998e17af8251b722; doi: 10.1016/0929-1393(94)00039-A,"Pathogens in livestock waste, their potential for movement through soil and environmental pollution",article,Applied Soil Ecology,publisher: https://www.sciencedirect.com/science/article/pii/092913939400039A,"Bardgett, Richard D.; Merry, Roger J.; Pain, Brian F.; Theodorou, Michael K.",Elsevier,2,1--15,1995
_xddid: 5fb2dc06d76fca4a3fb85b6c; doi: 10.1016/j.tmaid.2020.101918,Changed transmission epidemiology of COVID-19 at early stage: A nationwide population-based piecewise mathematical modelling study,article,Travel Medicine and Infectious Disease,publisher: https://www.sciencedirect.com/science/article/pii/S1477893920304142?v=s5,,Elsevier,,101918,2020
